{"cameraMode":{"drawMode":0,"name":"Shaded","section":"Shading Mode"},"sceneLighting":false,"audioPlay":false,"sceneViewState":{"showFog":true,"showMaterialUpdate":false,"showSkybox":false,"showFlares":true,"showImageEffects":true,"showParticleSystems":true},"in2DMode":false,"pivot":{"x":0.2279999852180481,"y":0.7039999961853027,"z":0.19999998807907105},"rotation":{"x":-0.05455322191119194,"y":0.9076000452041626,"z":-0.12466264516115189,"w":-0.3971719741821289},"size":2.8578836917877199,"orthographic":false}