{"cameraMode":{"drawMode":0,"name":"Shaded","section":"Shading Mode"},"sceneLighting":false,"audioPlay":false,"sceneViewState":{"showFog":true,"showMaterialUpdate":false,"showSkybox":false,"showFlares":true,"showImageEffects":true,"showParticleSystems":true},"in2DMode":false,"pivot":{"x":-0.18053996562957765,"y":0.4044647216796875,"z":-1.1731493473052979},"rotation":{"x":-0.021203171461820604,"y":-0.977069616317749,"z":0.17628321051597596,"w":-0.11752103269100189},"size":5.377011299133301,"orthographic":false}