{"cameraMode":{"drawMode":0,"name":"Shaded","section":"Shading Mode"},"sceneLighting":false,"audioPlay":false,"sceneViewState":{"showFog":true,"showMaterialUpdate":false,"showSkybox":false,"showFlares":true,"showImageEffects":true,"showParticleSystems":true},"in2DMode":false,"pivot":{"x":-0.2377701997756958,"y":1.4111247062683106,"z":1.2930872440338135},"rotation":{"x":-0.17425891757011414,"y":0.6860669255256653,"z":-0.17467743158340455,"w":-0.6844244003295898},"size":4.603394985198975,"orthographic":false}